{
  "name" : "Bullinger Patristic Annotations",
  "slug" : null,
  "description" : null,
  "mode" : "ANNOTATION",
  "version" : 1,
  "source_documents" : [ {
    "name" : "10015.txt",
    "format" : "text",
    "state" : "CURATION_FINISHED",
    "timestamp" : 1765729502908,
    "created" : 1764540159530,
    "updated" : 1765729503892
  }, {
    "name" : "10041.txt",
    "format" : "text",
    "state" : "CURATION_FINISHED",
    "timestamp" : 1765729504655,
    "created" : 1762875370692,
    "updated" : 1765729505240
  }, {
    "name" : "10053.txt",
    "format" : "text",
    "state" : "CURATION_FINISHED",
    "timestamp" : 1765729505990,
    "created" : 1765282434250,
    "updated" : 1765729506540
  }, {
    "name" : "10065.txt",
    "format" : "text",
    "state" : "CURATION_FINISHED",
    "timestamp" : 1765729507237,
    "created" : 1765289829794,
    "updated" : 1765729507806
  }, {
    "name" : "10067.txt",
    "format" : "text",
    "state" : "CURATION_FINISHED",
    "timestamp" : 1765729508475,
    "created" : 1765288302451,
    "updated" : 1765729509037
  }, {
    "name" : "10286.txt",
    "format" : "text",
    "state" : "CURATION_FINISHED",
    "timestamp" : 1765729509865,
    "created" : 1765189304139,
    "updated" : 1765729510432
  }, {
    "name" : "10404.txt",
    "format" : "text",
    "state" : "CURATION_FINISHED",
    "timestamp" : 1765729511131,
    "created" : 1764407822352,
    "updated" : 1765729511700
  }, {
    "name" : "10454.txt",
    "format" : "text",
    "state" : "CURATION_FINISHED",
    "timestamp" : 1765729512421,
    "created" : 1765630161853,
    "updated" : 1765729512990
  }, {
    "name" : "10478.txt",
    "format" : "text",
    "state" : "CURATION_FINISHED",
    "timestamp" : 1765729513670,
    "created" : 1763386243122,
    "updated" : 1765729514306
  }, {
    "name" : "10484.txt",
    "format" : "text",
    "state" : "CURATION_FINISHED",
    "timestamp" : 1765730375992,
    "created" : 1763377914880,
    "updated" : 1765730375993
  }, {
    "name" : "10501.txt",
    "format" : "text",
    "state" : "CURATION_FINISHED",
    "timestamp" : 1765729516164,
    "created" : 1765291246606,
    "updated" : 1765729516738
  }, {
    "name" : "10506.txt",
    "format" : "text",
    "state" : "CURATION_FINISHED",
    "timestamp" : 1765729517398,
    "created" : 1765464398226,
    "updated" : 1765729517955
  }, {
    "name" : "10511.txt",
    "format" : "text",
    "state" : "CURATION_FINISHED",
    "timestamp" : 1765729518598,
    "created" : 1765361700678,
    "updated" : 1765729519189
  }, {
    "name" : "10518.txt",
    "format" : "text",
    "state" : "CURATION_FINISHED",
    "timestamp" : 1765729519948,
    "created" : 1763389244381,
    "updated" : 1765729520685
  }, {
    "name" : "10768.txt",
    "format" : "text",
    "state" : "CURATION_FINISHED",
    "timestamp" : 1765729521599,
    "created" : 1763986913677,
    "updated" : 1765729522523
  }, {
    "name" : "10857.txt",
    "format" : "text",
    "state" : "CURATION_FINISHED",
    "timestamp" : 1765729523208,
    "created" : 1765619944209,
    "updated" : 1765729523775
  }, {
    "name" : "10908.txt",
    "format" : "text",
    "state" : "CURATION_FINISHED",
    "timestamp" : 1765729524447,
    "created" : 1765363108813,
    "updated" : 1765729525290
  }, {
    "name" : "10936.txt",
    "format" : "text",
    "state" : "CURATION_FINISHED",
    "timestamp" : 1765729525978,
    "created" : 1765457188681,
    "updated" : 1765729526523
  }, {
    "name" : "11022.txt",
    "format" : "text",
    "state" : "CURATION_FINISHED",
    "timestamp" : 1765729527556,
    "created" : 1764525610241,
    "updated" : 1765729528156
  }, {
    "name" : "11148.txt",
    "format" : "text",
    "state" : "CURATION_FINISHED",
    "timestamp" : 1765729528968,
    "created" : 1763473046778,
    "updated" : 1765729529589
  }, {
    "name" : "11150.txt",
    "format" : "text",
    "state" : "CURATION_FINISHED",
    "timestamp" : 1765729530266,
    "created" : 1765291463219,
    "updated" : 1765729530820
  }, {
    "name" : "11171.txt",
    "format" : "text",
    "state" : "CURATION_FINISHED",
    "timestamp" : 1765729531540,
    "created" : 1763482911014,
    "updated" : 1765729532040
  }, {
    "name" : "11194.txt",
    "format" : "text",
    "state" : "CURATION_FINISHED",
    "timestamp" : 1765729532719,
    "created" : 1764527660352,
    "updated" : 1765729533270
  }, {
    "name" : "11212.txt",
    "format" : "text",
    "state" : "CURATION_FINISHED",
    "timestamp" : 1765729533909,
    "created" : 1765660661709,
    "updated" : 1765729534490
  }, {
    "name" : "11246.txt",
    "format" : "text",
    "state" : "CURATION_FINISHED",
    "timestamp" : 1765729535144,
    "created" : 1764522822789,
    "updated" : 1765729536074
  }, {
    "name" : "11326.txt",
    "format" : "text",
    "state" : "CURATION_FINISHED",
    "timestamp" : 1765729537017,
    "created" : 1764524048596,
    "updated" : 1765729537571
  }, {
    "name" : "11337.txt",
    "format" : "text",
    "state" : "CURATION_FINISHED",
    "timestamp" : 1765729538542,
    "created" : 1764406674325,
    "updated" : 1765729539440
  }, {
    "name" : "11372.txt",
    "format" : "text",
    "state" : "CURATION_FINISHED",
    "timestamp" : 1765729540345,
    "created" : 1763644945536,
    "updated" : 1765729540938
  }, {
    "name" : "11507.txt",
    "format" : "text",
    "state" : "CURATION_FINISHED",
    "timestamp" : 1765729541544,
    "created" : 1765282988345,
    "updated" : 1765729542124
  }, {
    "name" : "11522.txt",
    "format" : "text",
    "state" : "CURATION_FINISHED",
    "timestamp" : 1765729542747,
    "created" : 1764521222105,
    "updated" : 1765729543272
  }, {
    "name" : "11591.txt",
    "format" : "text",
    "state" : "CURATION_FINISHED",
    "timestamp" : 1765731535574,
    "created" : 1762874485542,
    "updated" : 1765731578934
  }, {
    "name" : "11593.txt",
    "format" : "text",
    "state" : "CURATION_FINISHED",
    "timestamp" : 1765729545208,
    "created" : 1765195992395,
    "updated" : 1765729545753
  }, {
    "name" : "11623.txt",
    "format" : "text",
    "state" : "CURATION_FINISHED",
    "timestamp" : null,
    "created" : 1767271032158,
    "updated" : 1767271221352
  }, {
    "name" : "11689.txt",
    "format" : "text",
    "state" : "CURATION_FINISHED",
    "timestamp" : 1765729546483,
    "created" : 1765191473564,
    "updated" : 1765729547039
  }, {
    "name" : "11751.txt",
    "format" : "text",
    "state" : "CURATION_FINISHED",
    "timestamp" : 1765729547674,
    "created" : 1764535560507,
    "updated" : 1765729548272
  }, {
    "name" : "11754.txt",
    "format" : "text",
    "state" : "CURATION_FINISHED",
    "timestamp" : 1765729548947,
    "created" : 1765286743869,
    "updated" : 1765729549472
  }, {
    "name" : "11755.txt",
    "format" : "text",
    "state" : "CURATION_FINISHED",
    "timestamp" : 1765729550236,
    "created" : 1765187990655,
    "updated" : 1765729550734
  }, {
    "name" : "11818.txt",
    "format" : "text",
    "state" : "CURATION_FINISHED",
    "timestamp" : 1765729551415,
    "created" : 1763477444696,
    "updated" : 1765729551939
  }, {
    "name" : "11820.txt",
    "format" : "text",
    "state" : "CURATION_FINISHED",
    "timestamp" : 1765729639410,
    "created" : 1762889573225,
    "updated" : 1765729639410
  }, {
    "name" : "11826.txt",
    "format" : "text",
    "state" : "CURATION_FINISHED",
    "timestamp" : 1765729781020,
    "created" : 1763731911398,
    "updated" : 1765729783843
  }, {
    "name" : "11968.txt",
    "format" : "text",
    "state" : "CURATION_FINISHED",
    "timestamp" : 1765729785094,
    "created" : 1765271198564,
    "updated" : 1765729786890
  }, {
    "name" : "11976.txt",
    "format" : "text",
    "state" : "CURATION_FINISHED",
    "timestamp" : 1765729788188,
    "created" : 1765455197164,
    "updated" : 1765729789688
  }, {
    "name" : "11990.txt",
    "format" : "text",
    "state" : "CURATION_FINISHED",
    "timestamp" : 1765729790743,
    "created" : 1763646952744,
    "updated" : 1765729791473
  }, {
    "name" : "12046.txt",
    "format" : "text",
    "state" : "CURATION_FINISHED",
    "timestamp" : 1765730390110,
    "created" : 1763380497689,
    "updated" : 1765730390110
  }, {
    "name" : "12080.txt",
    "format" : "text",
    "state" : "CURATION_FINISHED",
    "timestamp" : 1765729794256,
    "created" : 1762949992396,
    "updated" : 1765729794943
  }, {
    "name" : "12265.txt",
    "format" : "text",
    "state" : "CURATION_FINISHED",
    "timestamp" : 1765729800568,
    "created" : 1765464933908,
    "updated" : 1765729801523
  }, {
    "name" : "12334.txt",
    "format" : "text",
    "state" : "CURATION_FINISHED",
    "timestamp" : 1765729803242,
    "created" : 1765278384935,
    "updated" : 1765729804040
  }, {
    "name" : "12408.txt",
    "format" : "text",
    "state" : "CURATION_FINISHED",
    "timestamp" : 1765729804900,
    "created" : 1763985705783,
    "updated" : 1765729805725
  }, {
    "name" : "12448.txt",
    "format" : "text",
    "state" : "CURATION_FINISHED",
    "timestamp" : 1765729807203,
    "created" : 1764536936831,
    "updated" : 1765729807956
  }, {
    "name" : "12697.txt",
    "format" : "text",
    "state" : "CURATION_FINISHED",
    "timestamp" : 1765729809498,
    "created" : 1763381597037,
    "updated" : 1765729810320
  }, {
    "name" : "12805.txt",
    "format" : "text",
    "state" : "CURATION_FINISHED",
    "timestamp" : 1765730353797,
    "created" : 1762946480819,
    "updated" : 1765730353798
  }, {
    "name" : "12874.txt",
    "format" : "text",
    "state" : "CURATION_FINISHED",
    "timestamp" : 1765730362197,
    "created" : 1763106348173,
    "updated" : 1765730362197
  }, {
    "name" : "13004.txt",
    "format" : "text",
    "state" : "CURATION_FINISHED",
    "timestamp" : 1765729823577,
    "created" : 1765270116005,
    "updated" : 1765729823577
  }, {
    "name" : "13088.txt",
    "format" : "text",
    "state" : "CURATION_FINISHED",
    "timestamp" : 1765731672898,
    "created" : 1762949098592,
    "updated" : 1765731674088
  }, {
    "name" : "1888.txt",
    "format" : "text",
    "state" : "CURATION_FINISHED",
    "timestamp" : 1765729824145,
    "created" : 1765189945587,
    "updated" : 1765729824145
  }, {
    "name" : "2435.txt",
    "format" : "text",
    "state" : "CURATION_FINISHED",
    "timestamp" : 1765729824473,
    "created" : 1765722482571,
    "updated" : 1765729824473
  }, {
    "name" : "2801.txt",
    "format" : "text",
    "state" : "CURATION_FINISHED",
    "timestamp" : 1765729824690,
    "created" : 1765192241212,
    "updated" : 1765729824690
  }, {
    "name" : "3405.txt",
    "format" : "text",
    "state" : "CURATION_FINISHED",
    "timestamp" : 1765729825013,
    "created" : 1765195358623,
    "updated" : 1765729825013
  }, {
    "name" : "3425.txt",
    "format" : "text",
    "state" : "CURATION_FINISHED",
    "timestamp" : 1765729825272,
    "created" : 1765631049655,
    "updated" : 1765729825273
  }, {
    "name" : "3904.txt",
    "format" : "text",
    "state" : "CURATION_FINISHED",
    "timestamp" : 1765729825475,
    "created" : 1762891139500,
    "updated" : 1765729825475
  }, {
    "name" : "4178.txt",
    "format" : "text",
    "state" : "CURATION_FINISHED",
    "timestamp" : 1765729825662,
    "created" : 1765287629702,
    "updated" : 1765729825662
  }, {
    "name" : "5473.txt",
    "format" : "text",
    "state" : "CURATION_FINISHED",
    "timestamp" : 1765729826008,
    "created" : 1765632949185,
    "updated" : 1765729826008
  }, {
    "name" : "6187.txt",
    "format" : "text",
    "state" : "CURATION_FINISHED",
    "timestamp" : 1765729826297,
    "created" : 1765658576158,
    "updated" : 1765729826297
  }, {
    "name" : "6284.txt",
    "format" : "text",
    "state" : "CURATION_FINISHED",
    "timestamp" : 1765729826460,
    "created" : 1765193557211,
    "updated" : 1765729826461
  }, {
    "name" : "7325.txt",
    "format" : "text",
    "state" : "CURATION_FINISHED",
    "timestamp" : 1765729826664,
    "created" : 1765194762769,
    "updated" : 1765729826664
  }, {
    "name" : "9183.txt",
    "format" : "text",
    "state" : "CURATION_FINISHED",
    "timestamp" : 1765729826978,
    "created" : 1765190766402,
    "updated" : 1765729826978
  }, {
    "name" : "9780.txt",
    "format" : "text",
    "state" : "CURATION_FINISHED",
    "timestamp" : 1765729827239,
    "created" : 1765636234192,
    "updated" : 1765729827239
  } ],
  "annotation_documents" : [ {
    "name" : "1888.txt",
    "user" : "admin",
    "state" : "FINISHED",
    "timestamp" : 1765190058827,
    "annotatorState" : "FINISHED",
    "annotatorComment" : null,
    "sentence_accessed" : 0,
    "created" : 1765189951100,
    "updated" : 1765723675824
  }, {
    "name" : "2435.txt",
    "user" : "admin",
    "state" : "FINISHED",
    "timestamp" : 1765722945883,
    "annotatorState" : "FINISHED",
    "annotatorComment" : null,
    "sentence_accessed" : 0,
    "created" : 1765722515234,
    "updated" : 1765723679963
  }, {
    "name" : "2801.txt",
    "user" : "admin",
    "state" : "FINISHED",
    "timestamp" : 1765637174395,
    "annotatorState" : "FINISHED",
    "annotatorComment" : null,
    "sentence_accessed" : 0,
    "created" : 1765192246065,
    "updated" : 1765723692075
  }, {
    "name" : "3405.txt",
    "user" : "admin",
    "state" : "FINISHED",
    "timestamp" : 1765630843456,
    "annotatorState" : "FINISHED",
    "annotatorComment" : null,
    "sentence_accessed" : 0,
    "created" : 1765195364090,
    "updated" : 1765723700023
  }, {
    "name" : "3425.txt",
    "user" : "admin",
    "state" : "FINISHED",
    "timestamp" : 1765631348068,
    "annotatorState" : "FINISHED",
    "annotatorComment" : null,
    "sentence_accessed" : 0,
    "created" : 1765631053942,
    "updated" : 1765723704457
  }, {
    "name" : "3904.txt",
    "user" : "admin",
    "state" : "FINISHED",
    "timestamp" : 1763037506212,
    "annotatorState" : "FINISHED",
    "annotatorComment" : null,
    "sentence_accessed" : 0,
    "created" : 1762891148481,
    "updated" : 1765723709458
  }, {
    "name" : "5473.txt",
    "user" : "admin",
    "state" : "FINISHED",
    "timestamp" : 1765633209822,
    "annotatorState" : "FINISHED",
    "annotatorComment" : null,
    "sentence_accessed" : 0,
    "created" : 1765632953240,
    "updated" : 1765723716291
  }, {
    "name" : "6187.txt",
    "user" : "admin",
    "state" : "FINISHED",
    "timestamp" : 1765721442310,
    "annotatorState" : "FINISHED",
    "annotatorComment" : null,
    "sentence_accessed" : 0,
    "created" : 1765658591924,
    "updated" : 1765723721608
  }, {
    "name" : "7325.txt",
    "user" : "admin",
    "state" : "FINISHED",
    "timestamp" : 1765194937109,
    "annotatorState" : "FINISHED",
    "annotatorComment" : null,
    "sentence_accessed" : 0,
    "created" : 1765194768358,
    "updated" : 1765723731637
  }, {
    "name" : "9183.txt",
    "user" : "admin",
    "state" : "FINISHED",
    "timestamp" : 1765190925479,
    "annotatorState" : "FINISHED",
    "annotatorComment" : null,
    "sentence_accessed" : 0,
    "created" : 1765190772463,
    "updated" : 1765723735575
  }, {
    "name" : "9780.txt",
    "user" : "admin",
    "state" : "FINISHED",
    "timestamp" : 1765636555927,
    "annotatorState" : "FINISHED",
    "annotatorComment" : null,
    "sentence_accessed" : 0,
    "created" : 1765636239755,
    "updated" : 1765723741057
  }, {
    "name" : "4178.txt",
    "user" : "admin",
    "state" : "FINISHED",
    "timestamp" : 1765287686777,
    "annotatorState" : "FINISHED",
    "annotatorComment" : null,
    "sentence_accessed" : 0,
    "created" : 1765287636904,
    "updated" : 1765726714795
  }, {
    "name" : "13004.txt",
    "user" : "admin",
    "state" : "FINISHED",
    "timestamp" : 1765270290784,
    "annotatorState" : "FINISHED",
    "annotatorComment" : null,
    "sentence_accessed" : 0,
    "created" : 1765270122822,
    "updated" : 1765726792069
  }, {
    "name" : "6284.txt",
    "user" : "admin",
    "state" : "FINISHED",
    "timestamp" : 1765194450278,
    "annotatorState" : "FINISHED",
    "annotatorComment" : null,
    "sentence_accessed" : 0,
    "created" : 1765193841613,
    "updated" : 1765726831591
  }, {
    "name" : "12874.txt",
    "user" : "admin",
    "state" : "FINISHED",
    "timestamp" : 1763106725348,
    "annotatorState" : "FINISHED",
    "annotatorComment" : null,
    "sentence_accessed" : 0,
    "created" : 1763106354725,
    "updated" : 1765727433940
  }, {
    "name" : "12805.txt",
    "user" : "admin",
    "state" : "FINISHED",
    "timestamp" : 1765727420201,
    "annotatorState" : "FINISHED",
    "annotatorComment" : null,
    "sentence_accessed" : 0,
    "created" : 1762946484812,
    "updated" : 1765727483077
  }, {
    "name" : "13088.txt",
    "user" : "admin",
    "state" : "FINISHED",
    "timestamp" : 1765727403652,
    "annotatorState" : "FINISHED",
    "annotatorComment" : null,
    "sentence_accessed" : 0,
    "created" : 1762949104576,
    "updated" : 1765727501673
  }, {
    "name" : "10511.txt",
    "user" : "admin",
    "state" : "FINISHED",
    "timestamp" : 1765361915584,
    "annotatorState" : "IN_PROGRESS",
    "annotatorComment" : null,
    "sentence_accessed" : 0,
    "created" : 1765361709262,
    "updated" : 1765729495988
  }, {
    "name" : "10015.txt",
    "user" : "admin",
    "state" : "FINISHED",
    "timestamp" : 1765189820179,
    "annotatorState" : "IN_PROGRESS",
    "annotatorComment" : null,
    "sentence_accessed" : 0,
    "created" : 1764540163817,
    "updated" : 1765729495988
  }, {
    "name" : "11976.txt",
    "user" : "admin",
    "state" : "FINISHED",
    "timestamp" : 1765455267142,
    "annotatorState" : "IN_PROGRESS",
    "annotatorComment" : null,
    "sentence_accessed" : 0,
    "created" : 1765455206810,
    "updated" : 1765729495988
  }, {
    "name" : "11212.txt",
    "user" : "admin",
    "state" : "FINISHED",
    "timestamp" : 1765660939985,
    "annotatorState" : "IN_PROGRESS",
    "annotatorComment" : null,
    "sentence_accessed" : 0,
    "created" : 1765660668082,
    "updated" : 1765729495988
  }, {
    "name" : "10065.txt",
    "user" : "admin",
    "state" : "FINISHED",
    "timestamp" : 1765290154864,
    "annotatorState" : "IN_PROGRESS",
    "annotatorComment" : null,
    "sentence_accessed" : 0,
    "created" : 1765289834619,
    "updated" : 1765729495988
  }, {
    "name" : "10936.txt",
    "user" : "admin",
    "state" : "FINISHED",
    "timestamp" : 1765457270486,
    "annotatorState" : "IN_PROGRESS",
    "annotatorComment" : null,
    "sentence_accessed" : 0,
    "created" : 1765457193839,
    "updated" : 1765729495988
  }, {
    "name" : "12448.txt",
    "user" : "admin",
    "state" : "FINISHED",
    "timestamp" : 1764537827011,
    "annotatorState" : "IN_PROGRESS",
    "annotatorComment" : null,
    "sentence_accessed" : 0,
    "created" : 1764536942057,
    "updated" : 1765729495988
  }, {
    "name" : "10908.txt",
    "user" : "admin",
    "state" : "FINISHED",
    "timestamp" : 1765363176872,
    "annotatorState" : "IN_PROGRESS",
    "annotatorComment" : null,
    "sentence_accessed" : 0,
    "created" : 1765363114665,
    "updated" : 1765729495988
  }, {
    "name" : "11022.txt",
    "user" : "admin",
    "state" : "FINISHED",
    "timestamp" : 1764525729424,
    "annotatorState" : "IN_PROGRESS",
    "annotatorComment" : null,
    "sentence_accessed" : 0,
    "created" : 1764525619342,
    "updated" : 1765729495988
  }, {
    "name" : "10478.txt",
    "user" : "admin",
    "state" : "FINISHED",
    "timestamp" : 1763477663476,
    "annotatorState" : "IN_PROGRESS",
    "annotatorComment" : null,
    "sentence_accessed" : 0,
    "created" : 1763386252856,
    "updated" : 1765729495988
  }, {
    "name" : "10506.txt",
    "user" : "admin",
    "state" : "FINISHED",
    "timestamp" : 1765464554973,
    "annotatorState" : "IN_PROGRESS",
    "annotatorComment" : null,
    "sentence_accessed" : 0,
    "created" : 1765464414067,
    "updated" : 1765729495988
  }, {
    "name" : "11326.txt",
    "user" : "admin",
    "state" : "FINISHED",
    "timestamp" : 1764524198238,
    "annotatorState" : "IN_PROGRESS",
    "annotatorComment" : null,
    "sentence_accessed" : 0,
    "created" : 1764524053619,
    "updated" : 1765729495988
  }, {
    "name" : "11337.txt",
    "user" : "admin",
    "state" : "FINISHED",
    "timestamp" : 1764406752514,
    "annotatorState" : "IN_PROGRESS",
    "annotatorComment" : null,
    "sentence_accessed" : 0,
    "created" : 1764406680544,
    "updated" : 1765729495988
  }, {
    "name" : "11507.txt",
    "user" : "admin",
    "state" : "FINISHED",
    "timestamp" : 1765285025574,
    "annotatorState" : "IN_PROGRESS",
    "annotatorComment" : null,
    "sentence_accessed" : 0,
    "created" : 1765282994648,
    "updated" : 1765729495988
  }, {
    "name" : "10768.txt",
    "user" : "admin",
    "state" : "FINISHED",
    "timestamp" : 1763987283599,
    "annotatorState" : "IN_PROGRESS",
    "annotatorComment" : null,
    "sentence_accessed" : 0,
    "created" : 1763987108736,
    "updated" : 1765729495988
  }, {
    "name" : "11522.txt",
    "user" : "admin",
    "state" : "FINISHED",
    "timestamp" : 1764521415414,
    "annotatorState" : "IN_PROGRESS",
    "annotatorComment" : null,
    "sentence_accessed" : 0,
    "created" : 1764521229259,
    "updated" : 1765729495988
  }, {
    "name" : "11751.txt",
    "user" : "admin",
    "state" : "FINISHED",
    "timestamp" : 1764535800560,
    "annotatorState" : "IN_PROGRESS",
    "annotatorComment" : null,
    "sentence_accessed" : 0,
    "created" : 1764535585260,
    "updated" : 1765729495988
  }, {
    "name" : "11818.txt",
    "user" : "admin",
    "state" : "FINISHED",
    "timestamp" : 1763477638785,
    "annotatorState" : "IN_PROGRESS",
    "annotatorComment" : null,
    "sentence_accessed" : 0,
    "created" : 1763477451933,
    "updated" : 1765729495988
  }, {
    "name" : "10041.txt",
    "user" : "admin",
    "state" : "FINISHED",
    "timestamp" : 1765660556919,
    "annotatorState" : "IN_PROGRESS",
    "annotatorComment" : null,
    "sentence_accessed" : 0,
    "created" : 1762875383480,
    "updated" : 1765729495988
  }, {
    "name" : "11593.txt",
    "user" : "admin",
    "state" : "FINISHED",
    "timestamp" : 1765662953988,
    "annotatorState" : "IN_PROGRESS",
    "annotatorComment" : null,
    "sentence_accessed" : 0,
    "created" : 1765195999864,
    "updated" : 1765729495988
  }, {
    "name" : "11148.txt",
    "user" : "admin",
    "state" : "FINISHED",
    "timestamp" : 1765191019683,
    "annotatorState" : "IN_PROGRESS",
    "annotatorComment" : null,
    "sentence_accessed" : 0,
    "created" : 1763473052564,
    "updated" : 1765729495988
  }, {
    "name" : "11246.txt",
    "user" : "admin",
    "state" : "FINISHED",
    "timestamp" : 1764522885500,
    "annotatorState" : "IN_PROGRESS",
    "annotatorComment" : null,
    "sentence_accessed" : 0,
    "created" : 1764522834061,
    "updated" : 1765729495988
  }, {
    "name" : "12334.txt",
    "user" : "admin",
    "state" : "FINISHED",
    "timestamp" : 1765279337620,
    "annotatorState" : "IN_PROGRESS",
    "annotatorComment" : null,
    "sentence_accessed" : 0,
    "created" : 1765278392628,
    "updated" : 1765729495988
  }, {
    "name" : "10484.txt",
    "user" : "admin",
    "state" : "FINISHED",
    "timestamp" : 1763379173385,
    "annotatorState" : "IN_PROGRESS",
    "annotatorComment" : null,
    "sentence_accessed" : 0,
    "created" : 1763377918886,
    "updated" : 1765729495988
  }, {
    "name" : "10518.txt",
    "user" : "admin",
    "state" : "FINISHED",
    "timestamp" : 1765200381839,
    "annotatorState" : "IN_PROGRESS",
    "annotatorComment" : null,
    "sentence_accessed" : 0,
    "created" : 1763389251735,
    "updated" : 1765729495988
  }, {
    "name" : "10501.txt",
    "user" : "admin",
    "state" : "FINISHED",
    "timestamp" : 1765291315644,
    "annotatorState" : "IN_PROGRESS",
    "annotatorComment" : null,
    "sentence_accessed" : 0,
    "created" : 1765291252969,
    "updated" : 1765729495988
  }, {
    "name" : "10053.txt",
    "user" : "admin",
    "state" : "FINISHED",
    "timestamp" : 1765282534933,
    "annotatorState" : "IN_PROGRESS",
    "annotatorComment" : null,
    "sentence_accessed" : 0,
    "created" : 1765282445429,
    "updated" : 1765729495988
  }, {
    "name" : "11150.txt",
    "user" : "admin",
    "state" : "FINISHED",
    "timestamp" : 1765721658080,
    "annotatorState" : "IN_PROGRESS",
    "annotatorComment" : null,
    "sentence_accessed" : 0,
    "created" : 1765291495769,
    "updated" : 1765729495988
  }, {
    "name" : "10454.txt",
    "user" : "admin",
    "state" : "FINISHED",
    "timestamp" : 1765630454341,
    "annotatorState" : "IN_PROGRESS",
    "annotatorComment" : null,
    "sentence_accessed" : 0,
    "created" : 1765630166196,
    "updated" : 1765729495988
  }, {
    "name" : "11820.txt",
    "user" : "admin",
    "state" : "FINISHED",
    "timestamp" : 1765632423205,
    "annotatorState" : "IN_PROGRESS",
    "annotatorComment" : null,
    "sentence_accessed" : 0,
    "created" : 1762889613174,
    "updated" : 1765729495988
  }, {
    "name" : "10067.txt",
    "user" : "admin",
    "state" : "FINISHED",
    "timestamp" : 1765636171005,
    "annotatorState" : "IN_PROGRESS",
    "annotatorComment" : null,
    "sentence_accessed" : 0,
    "created" : 1765288307744,
    "updated" : 1765729495988
  }, {
    "name" : "11194.txt",
    "user" : "admin",
    "state" : "FINISHED",
    "timestamp" : 1764527886724,
    "annotatorState" : "IN_PROGRESS",
    "annotatorComment" : null,
    "sentence_accessed" : 0,
    "created" : 1764527664655,
    "updated" : 1765729495988
  }, {
    "name" : "11990.txt",
    "user" : "admin",
    "state" : "FINISHED",
    "timestamp" : 1763647036166,
    "annotatorState" : "IN_PROGRESS",
    "annotatorComment" : null,
    "sentence_accessed" : 0,
    "created" : 1763646964564,
    "updated" : 1765729495988
  }, {
    "name" : "10857.txt",
    "user" : "admin",
    "state" : "FINISHED",
    "timestamp" : 1765621715105,
    "annotatorState" : "IN_PROGRESS",
    "annotatorComment" : null,
    "sentence_accessed" : 0,
    "created" : 1765619951483,
    "updated" : 1765729495988
  }, {
    "name" : "11755.txt",
    "user" : "admin",
    "state" : "FINISHED",
    "timestamp" : 1765188063368,
    "annotatorState" : "IN_PROGRESS",
    "annotatorComment" : null,
    "sentence_accessed" : 0,
    "created" : 1765188001693,
    "updated" : 1765729495988
  }, {
    "name" : "10286.txt",
    "user" : "admin",
    "state" : "FINISHED",
    "timestamp" : 1765281674488,
    "annotatorState" : "IN_PROGRESS",
    "annotatorComment" : null,
    "sentence_accessed" : 0,
    "created" : 1765189310183,
    "updated" : 1765729495988
  }, {
    "name" : "11689.txt",
    "user" : "admin",
    "state" : "FINISHED",
    "timestamp" : 1765721287382,
    "annotatorState" : "IN_PROGRESS",
    "annotatorComment" : null,
    "sentence_accessed" : 0,
    "created" : 1765191478843,
    "updated" : 1765729495988
  }, {
    "name" : "10404.txt",
    "user" : "admin",
    "state" : "FINISHED",
    "timestamp" : 1764408065170,
    "annotatorState" : "IN_PROGRESS",
    "annotatorComment" : null,
    "sentence_accessed" : 0,
    "created" : 1764407829141,
    "updated" : 1765729495988
  }, {
    "name" : "11754.txt",
    "user" : "admin",
    "state" : "FINISHED",
    "timestamp" : 1765286820114,
    "annotatorState" : "IN_PROGRESS",
    "annotatorComment" : null,
    "sentence_accessed" : 0,
    "created" : 1765286750435,
    "updated" : 1765729495989
  }, {
    "name" : "11968.txt",
    "user" : "admin",
    "state" : "FINISHED",
    "timestamp" : 1765271365466,
    "annotatorState" : "IN_PROGRESS",
    "annotatorComment" : null,
    "sentence_accessed" : 0,
    "created" : 1765271203517,
    "updated" : 1765729495989
  }, {
    "name" : "12080.txt",
    "user" : "admin",
    "state" : "FINISHED",
    "timestamp" : 1765632742981,
    "annotatorState" : "IN_PROGRESS",
    "annotatorComment" : null,
    "sentence_accessed" : 0,
    "created" : 1762949999603,
    "updated" : 1765729495989
  }, {
    "name" : "12046.txt",
    "user" : "admin",
    "state" : "FINISHED",
    "timestamp" : 1763477704700,
    "annotatorState" : "IN_PROGRESS",
    "annotatorComment" : null,
    "sentence_accessed" : 0,
    "created" : 1763380501876,
    "updated" : 1765729495989
  }, {
    "name" : "12408.txt",
    "user" : "admin",
    "state" : "FINISHED",
    "timestamp" : 1763986075384,
    "annotatorState" : "IN_PROGRESS",
    "annotatorComment" : null,
    "sentence_accessed" : 0,
    "created" : 1763985714361,
    "updated" : 1765729495989
  }, {
    "name" : "11372.txt",
    "user" : "admin",
    "state" : "FINISHED",
    "timestamp" : 1763645019792,
    "annotatorState" : "IN_PROGRESS",
    "annotatorComment" : null,
    "sentence_accessed" : 0,
    "created" : 1763644950240,
    "updated" : 1765729495989
  }, {
    "name" : "12697.txt",
    "user" : "admin",
    "state" : "FINISHED",
    "timestamp" : 1763477725816,
    "annotatorState" : "IN_PROGRESS",
    "annotatorComment" : null,
    "sentence_accessed" : 0,
    "created" : 1763381601181,
    "updated" : 1765729495989
  }, {
    "name" : "12265.txt",
    "user" : "admin",
    "state" : "FINISHED",
    "timestamp" : 1765465295873,
    "annotatorState" : "IN_PROGRESS",
    "annotatorComment" : null,
    "sentence_accessed" : 0,
    "created" : 1765464942478,
    "updated" : 1765729495989
  }, {
    "name" : "11171.txt",
    "user" : "admin",
    "state" : "FINISHED",
    "timestamp" : 1763482999558,
    "annotatorState" : "IN_PROGRESS",
    "annotatorComment" : null,
    "sentence_accessed" : 0,
    "created" : 1763482915058,
    "updated" : 1765729495989
  }, {
    "name" : "11591.txt",
    "user" : "admin",
    "state" : "FINISHED",
    "timestamp" : 1765728719144,
    "annotatorState" : "IN_PROGRESS",
    "annotatorComment" : null,
    "sentence_accessed" : 0,
    "created" : 1762874497644,
    "updated" : 1765729495989
  }, {
    "name" : "11826.txt",
    "user" : "admin",
    "state" : "FINISHED",
    "timestamp" : 1765727150132,
    "annotatorState" : "FINISHED",
    "annotatorComment" : null,
    "sentence_accessed" : 0,
    "created" : 1763731919000,
    "updated" : 1765729760463
  }, {
    "name" : "11623.txt",
    "user" : "admin",
    "state" : "FINISHED",
    "timestamp" : 1767271172933,
    "annotatorState" : "FINISHED",
    "annotatorComment" : null,
    "sentence_accessed" : 0,
    "created" : 1767271045198,
    "updated" : 1767271188848
  } ],
  "project_permissions" : [ {
    "level" : "ADMIN",
    "user" : "admin"
  }, {
    "level" : "CURATOR",
    "user" : "admin"
  }, {
    "level" : "USER",
    "user" : "admin"
  } ],
  "tag_sets" : [ {
    "name" : "Coreference mentions",
    "description" : "coreference type annotation",
    "language" : "de",
    "tags" : [ {
      "tag_name" : "nam",
      "tag_description" : "nam"
    } ],
    "create_tag" : false
  }, {
    "name" : "Coreference relations",
    "description" : "coreference relation annotation",
    "language" : "de",
    "tags" : [ {
      "tag_name" : "anaphoric",
      "tag_description" : "anaphoric"
    } ],
    "create_tag" : false
  }, {
    "name" : "Dependency flavors",
    "description" : "Dependency flavors",
    "language" : "mul",
    "tags" : [ {
      "tag_name" : "basic",
      "tag_description" : "basic"
    }, {
      "tag_name" : "enhanced",
      "tag_description" : "enhanced"
    } ],
    "create_tag" : false
  }, {
    "name" : "Named Entity tags",
    "description" : "Named Entity annotation",
    "language" : "de",
    "tags" : [ {
      "tag_name" : "LOC",
      "tag_description" : "Location"
    }, {
      "tag_name" : "LOCderiv",
      "tag_description" : "Location derivative"
    }, {
      "tag_name" : "LOCpart",
      "tag_description" : "Hyphenated part is location"
    }, {
      "tag_name" : "ORG",
      "tag_description" : "Organization"
    }, {
      "tag_name" : "ORGderiv",
      "tag_description" : "Organization derivative"
    }, {
      "tag_name" : "ORGpart",
      "tag_description" : "Hyphenated part is organization"
    }, {
      "tag_name" : "OTH",
      "tag_description" : "Other: Every name that is not a location, person or organisation"
    }, {
      "tag_name" : "OTHderiv",
      "tag_description" : "Other derivative"
    }, {
      "tag_name" : "OTHpart",
      "tag_description" : "Hyphenated part is Other"
    }, {
      "tag_name" : "PER",
      "tag_description" : "Person"
    }, {
      "tag_name" : "PERderiv",
      "tag_description" : "Person derivative"
    }, {
      "tag_name" : "PERpart",
      "tag_description" : "Hyphenated part is person"
    } ],
    "create_tag" : false
  }, {
    "name" : "Operation",
    "description" : "operation to be done with specified in tokenIDs token/tokens in order to correct",
    "language" : "en",
    "tags" : [ {
      "tag_name" : "delete",
      "tag_description" : "delete"
    }, {
      "tag_name" : "insert_after",
      "tag_description" : "insert after"
    }, {
      "tag_name" : "insert_before",
      "tag_description" : "insert before"
    }, {
      "tag_name" : "replace",
      "tag_description" : "replace"
    } ],
    "create_tag" : false
  }, {
    "name" : "UD Universal Dependencies (v2)",
    "description" : "The idea of universal dependencies is to propose a set of universal grammatical relations which can be used with relative fidelity to capture any dependency relation between words in any language. Each dependency relation should be typed with one of the relations in the table below.\r\n\r\nThe following table lists the 37 universal syntactic relations used in UD v2. It is a revised version of the relations originally described in Universal Stanford Dependencies: A cross-linguistic typology (de Marneffe et al. 2014).\r\n\r\n© 2014-2017 Universal Dependencies contributors.\r\n\r\nSee also: https://universaldependencies.org/u/dep/index.html",
    "language" : "mul",
    "tags" : [ {
      "tag_name" : "acl",
      "tag_description" : "clausal modifier of noun (adjectival clause)"
    }, {
      "tag_name" : "advcl",
      "tag_description" : "adverbial clause modifier"
    }, {
      "tag_name" : "advmod",
      "tag_description" : "adverbial modifier"
    }, {
      "tag_name" : "amod",
      "tag_description" : "adjectival modifier"
    }, {
      "tag_name" : "appos",
      "tag_description" : "appositional modifier"
    }, {
      "tag_name" : "aux",
      "tag_description" : "auxiliary"
    }, {
      "tag_name" : "case",
      "tag_description" : "case marking"
    }, {
      "tag_name" : "cc",
      "tag_description" : "coordinating conjunction"
    }, {
      "tag_name" : "ccomp",
      "tag_description" : "clausal complement"
    }, {
      "tag_name" : "clf",
      "tag_description" : "classifier"
    }, {
      "tag_name" : "compound",
      "tag_description" : "compound"
    }, {
      "tag_name" : "conj",
      "tag_description" : "conjunct"
    }, {
      "tag_name" : "cop",
      "tag_description" : "copula"
    }, {
      "tag_name" : "csubj",
      "tag_description" : "clausal subject"
    }, {
      "tag_name" : "dep",
      "tag_description" : "unspecified dependency"
    }, {
      "tag_name" : "det",
      "tag_description" : "determiner"
    }, {
      "tag_name" : "discourse",
      "tag_description" : "discourse element"
    }, {
      "tag_name" : "dislocated",
      "tag_description" : "dislocated elements"
    }, {
      "tag_name" : "expl",
      "tag_description" : "expletive"
    }, {
      "tag_name" : "fixed",
      "tag_description" : "fixed multiword expression"
    }, {
      "tag_name" : "flat",
      "tag_description" : "flat multiword expression"
    }, {
      "tag_name" : "goeswith",
      "tag_description" : "goes with"
    }, {
      "tag_name" : "iobj",
      "tag_description" : "indirect object"
    }, {
      "tag_name" : "list",
      "tag_description" : "list"
    }, {
      "tag_name" : "mark",
      "tag_description" : "marker"
    }, {
      "tag_name" : "nmod",
      "tag_description" : "nominal modifier"
    }, {
      "tag_name" : "nsubj",
      "tag_description" : "nominal subject"
    }, {
      "tag_name" : "nummod",
      "tag_description" : "numeric modifier"
    }, {
      "tag_name" : "obj",
      "tag_description" : "object"
    }, {
      "tag_name" : "obl",
      "tag_description" : "oblique nominal"
    }, {
      "tag_name" : "orphan",
      "tag_description" : "orphan"
    }, {
      "tag_name" : "parataxis",
      "tag_description" : "parataxis"
    }, {
      "tag_name" : "punct",
      "tag_description" : "punctuation"
    }, {
      "tag_name" : "reparandum",
      "tag_description" : "overridden disfluency"
    }, {
      "tag_name" : "root",
      "tag_description" : "root"
    }, {
      "tag_name" : "vocative",
      "tag_description" : "vocative"
    }, {
      "tag_name" : "xcomp",
      "tag_description" : "open clausal complement"
    } ],
    "create_tag" : false
  }, {
    "name" : "UD Universal POS tags (v2)",
    "description" : "These tags mark the core part-of-speech categories from the Universal Dependencies project. To distinguish additional lexical and grammatical properties of words, use the universal features.\r\n\r\n© 2017 Universal Dependencies contributors\r\n\r\nSee: https://universaldependencies.org/u/pos/index.html",
    "language" : "mul",
    "tags" : [ {
      "tag_name" : "ADJ",
      "tag_description" : "adjective"
    }, {
      "tag_name" : "ADP",
      "tag_description" : "adposition"
    }, {
      "tag_name" : "ADV",
      "tag_description" : "adverb"
    }, {
      "tag_name" : "AUX",
      "tag_description" : "auxiliary"
    }, {
      "tag_name" : "CCONJ",
      "tag_description" : "coordinating conjunction"
    }, {
      "tag_name" : "DET",
      "tag_description" : "determiner"
    }, {
      "tag_name" : "INTJ",
      "tag_description" : "interjection"
    }, {
      "tag_name" : "NOUN",
      "tag_description" : "noun"
    }, {
      "tag_name" : "NUM",
      "tag_description" : "numeral"
    }, {
      "tag_name" : "PART",
      "tag_description" : "particle"
    }, {
      "tag_name" : "PRON",
      "tag_description" : "pronoun"
    }, {
      "tag_name" : "PROPN",
      "tag_description" : "proper noun"
    }, {
      "tag_name" : "PUNCT",
      "tag_description" : "punctuation"
    }, {
      "tag_name" : "SCONJ",
      "tag_description" : "subordinating conjunction"
    }, {
      "tag_name" : "SYM",
      "tag_description" : "symbol"
    }, {
      "tag_name" : "VERB",
      "tag_description" : "verb"
    }, {
      "tag_name" : "X",
      "tag_description" : "other"
    } ],
    "create_tag" : false
  }, {
    "name" : "church_fathers",
    "description" : null,
    "language" : null,
    "tags" : [ {
      "tag_name" : "P",
      "tag_description" : null
    }, {
      "tag_name" : "P1",
      "tag_description" : null
    }, {
      "tag_name" : "P17746",
      "tag_description" : null
    }, {
      "tag_name" : "P17753",
      "tag_description" : null
    }, {
      "tag_name" : "P17828",
      "tag_description" : null
    }, {
      "tag_name" : "P17899",
      "tag_description" : null
    }, {
      "tag_name" : "P17933",
      "tag_description" : null
    }, {
      "tag_name" : "P18048",
      "tag_description" : null
    }, {
      "tag_name" : "P18056",
      "tag_description" : null
    }, {
      "tag_name" : "P18346",
      "tag_description" : null
    }, {
      "tag_name" : "P18357",
      "tag_description" : null
    }, {
      "tag_name" : "P18489",
      "tag_description" : null
    }, {
      "tag_name" : "P18700",
      "tag_description" : null
    }, {
      "tag_name" : "P18895",
      "tag_description" : null
    }, {
      "tag_name" : "P18986",
      "tag_description" : null
    }, {
      "tag_name" : "P18988",
      "tag_description" : null
    }, {
      "tag_name" : "P18993",
      "tag_description" : null
    }, {
      "tag_name" : "P19001",
      "tag_description" : null
    }, {
      "tag_name" : "P21122",
      "tag_description" : null
    }, {
      "tag_name" : "P4541",
      "tag_description" : null
    }, {
      "tag_name" : "P4867",
      "tag_description" : null
    }, {
      "tag_name" : "P8993",
      "tag_description" : null
    } ],
    "create_tag" : true
  }, {
    "name" : "confidence",
    "description" : null,
    "language" : null,
    "tags" : [ {
      "tag_name" : "high",
      "tag_description" : null
    }, {
      "tag_name" : "low",
      "tag_description" : null
    }, {
      "tag_name" : "medium",
      "tag_description" : null
    } ],
    "create_tag" : false
  }, {
    "name" : "detection_source",
    "description" : null,
    "language" : null,
    "tags" : [ {
      "tag_name" : "passim",
      "tag_description" : null
    }, {
      "tag_name" : "scholar",
      "tag_description" : null
    }, {
      "tag_name" : "tei",
      "tag_description" : null
    } ],
    "create_tag" : false
  }, {
    "name" : "reference_type",
    "description" : null,
    "language" : "english",
    "tags" : [ {
      "tag_name" : "explicit",
      "tag_description" : null
    }, {
      "tag_name" : "implicit",
      "tag_description" : null
    } ],
    "create_tag" : false
  } ],
  "layers" : [ {
    "name" : "de.tudarmstadt.ukp.dkpro.core.api.syntax.type.chunk.Chunk",
    "features" : [ {
      "name" : "chunkValue",
      "tag_set" : null,
      "uiName" : "Tag",
      "type" : "uima.cas.String",
      "enabled" : true,
      "visible" : true,
      "include_in_hover" : false,
      "required" : false,
      "remember" : false,
      "hideUnconstraintFeature" : false,
      "description" : "Chunk tag",
      "project_name" : "Bullinger Patristic Annotations",
      "multi_value_mode" : "NONE",
      "link_mode" : "NONE",
      "link_type_name" : null,
      "link_type_role_feature_name" : null,
      "link_type_target_feature_name" : null,
      "traits" : null,
      "curatable" : true
    } ],
    "uiName" : "Chunk",
    "type" : "span",
    "description" : null,
    "enabled" : true,
    "built_in" : true,
    "readonly" : false,
    "attach_type" : null,
    "attach_feature" : null,
    "allow_stacking" : false,
    "cross_sentence" : false,
    "show_hover" : true,
    "anchoring_mode" : "TOKENS",
    "overlap_mode" : "NO_OVERLAP",
    "validation_mode" : "ALWAYS",
    "lock_to_token_offset" : false,
    "multiple_tokens" : true,
    "project_name" : "Bullinger Patristic Annotations",
    "linked_list_behavior" : false,
    "on_click_javascript_action" : null,
    "traits" : null
  }, {
    "name" : "de.tudarmstadt.ukp.dkpro.core.api.coref.type.Coreference",
    "features" : [ {
      "name" : "referenceRelation",
      "tag_set" : {
        "name" : "Coreference relations",
        "description" : null,
        "language" : null,
        "tags" : [ ],
        "create_tag" : false
      },
      "uiName" : "referenceRelation",
      "type" : "uima.cas.String",
      "enabled" : true,
      "visible" : true,
      "include_in_hover" : false,
      "required" : false,
      "remember" : false,
      "hideUnconstraintFeature" : false,
      "description" : "Coreference relation",
      "project_name" : "Bullinger Patristic Annotations",
      "multi_value_mode" : "NONE",
      "link_mode" : "NONE",
      "link_type_name" : null,
      "link_type_role_feature_name" : null,
      "link_type_target_feature_name" : null,
      "traits" : null,
      "curatable" : true
    }, {
      "name" : "referenceType",
      "tag_set" : {
        "name" : "Coreference mentions",
        "description" : null,
        "language" : null,
        "tags" : [ ],
        "create_tag" : false
      },
      "uiName" : "referenceType",
      "type" : "uima.cas.String",
      "enabled" : true,
      "visible" : true,
      "include_in_hover" : false,
      "required" : false,
      "remember" : false,
      "hideUnconstraintFeature" : false,
      "description" : "Coreference type",
      "project_name" : "Bullinger Patristic Annotations",
      "multi_value_mode" : "NONE",
      "link_mode" : "NONE",
      "link_type_name" : null,
      "link_type_role_feature_name" : null,
      "link_type_target_feature_name" : null,
      "traits" : null,
      "curatable" : true
    } ],
    "uiName" : "Coreference",
    "type" : "chain",
    "description" : null,
    "enabled" : true,
    "built_in" : true,
    "readonly" : false,
    "attach_type" : null,
    "attach_feature" : null,
    "allow_stacking" : true,
    "cross_sentence" : true,
    "show_hover" : true,
    "anchoring_mode" : "TOKENS",
    "overlap_mode" : "ANY_OVERLAP",
    "validation_mode" : "ALWAYS",
    "lock_to_token_offset" : false,
    "multiple_tokens" : true,
    "project_name" : "Bullinger Patristic Annotations",
    "linked_list_behavior" : false,
    "on_click_javascript_action" : null,
    "traits" : null
  }, {
    "name" : "de.tudarmstadt.ukp.dkpro.core.api.syntax.type.dependency.Dependency",
    "features" : [ {
      "name" : "flavor",
      "tag_set" : {
        "name" : "Dependency flavors",
        "description" : null,
        "language" : null,
        "tags" : [ ],
        "create_tag" : false
      },
      "uiName" : "Flavor",
      "type" : "uima.cas.String",
      "enabled" : true,
      "visible" : true,
      "include_in_hover" : false,
      "required" : false,
      "remember" : false,
      "hideUnconstraintFeature" : false,
      "description" : "Dependency relation",
      "project_name" : "Bullinger Patristic Annotations",
      "multi_value_mode" : "NONE",
      "link_mode" : "NONE",
      "link_type_name" : null,
      "link_type_role_feature_name" : null,
      "link_type_target_feature_name" : null,
      "traits" : null,
      "curatable" : true
    }, {
      "name" : "DependencyType",
      "tag_set" : {
        "name" : "UD Universal Dependencies (v2)",
        "description" : null,
        "language" : null,
        "tags" : [ ],
        "create_tag" : false
      },
      "uiName" : "Relation",
      "type" : "uima.cas.String",
      "enabled" : true,
      "visible" : true,
      "include_in_hover" : false,
      "required" : false,
      "remember" : false,
      "hideUnconstraintFeature" : false,
      "description" : "Dependency relation",
      "project_name" : "Bullinger Patristic Annotations",
      "multi_value_mode" : "NONE",
      "link_mode" : "NONE",
      "link_type_name" : null,
      "link_type_role_feature_name" : null,
      "link_type_target_feature_name" : null,
      "traits" : null,
      "curatable" : true
    } ],
    "uiName" : "Dependency",
    "type" : "relation",
    "description" : null,
    "enabled" : true,
    "built_in" : true,
    "readonly" : false,
    "attach_type" : {
      "name" : "de.tudarmstadt.ukp.dkpro.core.api.segmentation.type.Token"
    },
    "attach_feature" : {
      "name" : "pos",
      "layer" : "de.tudarmstadt.ukp.dkpro.core.api.segmentation.type.Token"
    },
    "allow_stacking" : false,
    "cross_sentence" : false,
    "show_hover" : true,
    "anchoring_mode" : "SINGLE_TOKEN",
    "overlap_mode" : "OVERLAP_ONLY",
    "validation_mode" : "ALWAYS",
    "lock_to_token_offset" : true,
    "multiple_tokens" : false,
    "project_name" : "Bullinger Patristic Annotations",
    "linked_list_behavior" : false,
    "on_click_javascript_action" : null,
    "traits" : null
  }, {
    "name" : "de.tudarmstadt.ukp.dkpro.core.api.segmentation.type.Lemma",
    "features" : [ {
      "name" : "value",
      "tag_set" : null,
      "uiName" : "Lemma",
      "type" : "uima.cas.String",
      "enabled" : true,
      "visible" : true,
      "include_in_hover" : false,
      "required" : false,
      "remember" : false,
      "hideUnconstraintFeature" : false,
      "description" : "lemma Annotation",
      "project_name" : "Bullinger Patristic Annotations",
      "multi_value_mode" : "NONE",
      "link_mode" : "NONE",
      "link_type_name" : null,
      "link_type_role_feature_name" : null,
      "link_type_target_feature_name" : null,
      "traits" : null,
      "curatable" : true
    } ],
    "uiName" : "Lemma",
    "type" : "span",
    "description" : null,
    "enabled" : true,
    "built_in" : true,
    "readonly" : false,
    "attach_type" : {
      "name" : "de.tudarmstadt.ukp.dkpro.core.api.segmentation.type.Token"
    },
    "attach_feature" : {
      "name" : "lemma",
      "layer" : "de.tudarmstadt.ukp.dkpro.core.api.segmentation.type.Token"
    },
    "allow_stacking" : false,
    "cross_sentence" : false,
    "show_hover" : true,
    "anchoring_mode" : "SINGLE_TOKEN",
    "overlap_mode" : "NO_OVERLAP",
    "validation_mode" : "ALWAYS",
    "lock_to_token_offset" : true,
    "multiple_tokens" : false,
    "project_name" : "Bullinger Patristic Annotations",
    "linked_list_behavior" : false,
    "on_click_javascript_action" : null,
    "traits" : null
  }, {
    "name" : "de.tudarmstadt.ukp.dkpro.core.api.lexmorph.type.morph.MorphologicalFeatures",
    "features" : [ {
      "name" : "value",
      "tag_set" : null,
      "uiName" : "Features",
      "type" : "uima.cas.String",
      "enabled" : true,
      "visible" : false,
      "include_in_hover" : false,
      "required" : false,
      "remember" : false,
      "hideUnconstraintFeature" : false,
      "description" : "Morphological features",
      "project_name" : "Bullinger Patristic Annotations",
      "multi_value_mode" : "NONE",
      "link_mode" : "NONE",
      "link_type_name" : null,
      "link_type_role_feature_name" : null,
      "link_type_target_feature_name" : null,
      "traits" : null,
      "curatable" : true
    } ],
    "uiName" : "Morphological features",
    "type" : "span",
    "description" : null,
    "enabled" : true,
    "built_in" : true,
    "readonly" : false,
    "attach_type" : {
      "name" : "de.tudarmstadt.ukp.dkpro.core.api.segmentation.type.Token"
    },
    "attach_feature" : {
      "name" : "morph",
      "layer" : "de.tudarmstadt.ukp.dkpro.core.api.segmentation.type.Token"
    },
    "allow_stacking" : false,
    "cross_sentence" : false,
    "show_hover" : true,
    "anchoring_mode" : "SINGLE_TOKEN",
    "overlap_mode" : "NO_OVERLAP",
    "validation_mode" : "ALWAYS",
    "lock_to_token_offset" : true,
    "multiple_tokens" : false,
    "project_name" : "Bullinger Patristic Annotations",
    "linked_list_behavior" : false,
    "on_click_javascript_action" : null,
    "traits" : null
  }, {
    "name" : "de.tudarmstadt.ukp.dkpro.core.api.ner.type.NamedEntity",
    "features" : [ {
      "name" : "identifier",
      "tag_set" : null,
      "uiName" : "identifier",
      "type" : "kb:<ANY>",
      "enabled" : true,
      "visible" : true,
      "include_in_hover" : false,
      "required" : false,
      "remember" : false,
      "hideUnconstraintFeature" : false,
      "description" : "Linked entity",
      "project_name" : "Bullinger Patristic Annotations",
      "multi_value_mode" : "NONE",
      "link_mode" : "NONE",
      "link_type_name" : null,
      "link_type_role_feature_name" : null,
      "link_type_target_feature_name" : null,
      "traits" : null,
      "curatable" : true
    }, {
      "name" : "value",
      "tag_set" : {
        "name" : "Named Entity tags",
        "description" : null,
        "language" : null,
        "tags" : [ ],
        "create_tag" : false
      },
      "uiName" : "value",
      "type" : "uima.cas.String",
      "enabled" : true,
      "visible" : true,
      "include_in_hover" : false,
      "required" : false,
      "remember" : false,
      "hideUnconstraintFeature" : false,
      "description" : "Named entity type",
      "project_name" : "Bullinger Patristic Annotations",
      "multi_value_mode" : "NONE",
      "link_mode" : "NONE",
      "link_type_name" : null,
      "link_type_role_feature_name" : null,
      "link_type_target_feature_name" : null,
      "traits" : null,
      "curatable" : true
    } ],
    "uiName" : "Named entity",
    "type" : "span",
    "description" : null,
    "enabled" : true,
    "built_in" : true,
    "readonly" : false,
    "attach_type" : null,
    "attach_feature" : null,
    "allow_stacking" : false,
    "cross_sentence" : false,
    "show_hover" : true,
    "anchoring_mode" : "TOKENS",
    "overlap_mode" : "NO_OVERLAP",
    "validation_mode" : "ALWAYS",
    "lock_to_token_offset" : false,
    "multiple_tokens" : true,
    "project_name" : "Bullinger Patristic Annotations",
    "linked_list_behavior" : false,
    "on_click_javascript_action" : null,
    "traits" : null
  }, {
    "name" : "de.tudarmstadt.ukp.dkpro.core.api.transform.type.SofaChangeAnnotation",
    "features" : [ {
      "name" : "value",
      "tag_set" : null,
      "uiName" : "Correction",
      "type" : "uima.cas.String",
      "enabled" : true,
      "visible" : true,
      "include_in_hover" : false,
      "required" : false,
      "remember" : false,
      "hideUnconstraintFeature" : false,
      "description" : "Correct this token using the specified operation.",
      "project_name" : "Bullinger Patristic Annotations",
      "multi_value_mode" : "NONE",
      "link_mode" : "NONE",
      "link_type_name" : null,
      "link_type_role_feature_name" : null,
      "link_type_target_feature_name" : null,
      "traits" : null,
      "curatable" : true
    }, {
      "name" : "operation",
      "tag_set" : {
        "name" : "Operation",
        "description" : null,
        "language" : null,
        "tags" : [ ],
        "create_tag" : false
      },
      "uiName" : "Operation",
      "type" : "uima.cas.String",
      "enabled" : true,
      "visible" : false,
      "include_in_hover" : false,
      "required" : true,
      "remember" : false,
      "hideUnconstraintFeature" : false,
      "description" : "An operation taken to change this token.",
      "project_name" : "Bullinger Patristic Annotations",
      "multi_value_mode" : "NONE",
      "link_mode" : "NONE",
      "link_type_name" : null,
      "link_type_role_feature_name" : null,
      "link_type_target_feature_name" : null,
      "traits" : null,
      "curatable" : true
    } ],
    "uiName" : "Orthography Correction",
    "type" : "span",
    "description" : null,
    "enabled" : true,
    "built_in" : true,
    "readonly" : false,
    "attach_type" : null,
    "attach_feature" : null,
    "allow_stacking" : false,
    "cross_sentence" : false,
    "show_hover" : true,
    "anchoring_mode" : "SINGLE_TOKEN",
    "overlap_mode" : "NO_OVERLAP",
    "validation_mode" : "ALWAYS",
    "lock_to_token_offset" : true,
    "multiple_tokens" : false,
    "project_name" : "Bullinger Patristic Annotations",
    "linked_list_behavior" : false,
    "on_click_javascript_action" : null,
    "traits" : null
  }, {
    "name" : "de.tudarmstadt.ukp.dkpro.core.api.lexmorph.type.pos.POS",
    "features" : [ {
      "name" : "coarseValue",
      "tag_set" : {
        "name" : "UD Universal POS tags (v2)",
        "description" : null,
        "language" : null,
        "tags" : [ ],
        "create_tag" : false
      },
      "uiName" : "UPOS",
      "type" : "uima.cas.String",
      "enabled" : true,
      "visible" : true,
      "include_in_hover" : false,
      "required" : false,
      "remember" : false,
      "hideUnconstraintFeature" : false,
      "description" : "Universal part-of-speech tag",
      "project_name" : "Bullinger Patristic Annotations",
      "multi_value_mode" : "NONE",
      "link_mode" : "NONE",
      "link_type_name" : null,
      "link_type_role_feature_name" : null,
      "link_type_target_feature_name" : null,
      "traits" : null,
      "curatable" : true
    }, {
      "name" : "PosValue",
      "tag_set" : null,
      "uiName" : "XPOS",
      "type" : "uima.cas.String",
      "enabled" : true,
      "visible" : true,
      "include_in_hover" : false,
      "required" : false,
      "remember" : false,
      "hideUnconstraintFeature" : false,
      "description" : "Language-specific part-of-speech tag",
      "project_name" : "Bullinger Patristic Annotations",
      "multi_value_mode" : "NONE",
      "link_mode" : "NONE",
      "link_type_name" : null,
      "link_type_role_feature_name" : null,
      "link_type_target_feature_name" : null,
      "traits" : null,
      "curatable" : true
    } ],
    "uiName" : "Part of speech",
    "type" : "span",
    "description" : null,
    "enabled" : true,
    "built_in" : true,
    "readonly" : false,
    "attach_type" : {
      "name" : "de.tudarmstadt.ukp.dkpro.core.api.segmentation.type.Token"
    },
    "attach_feature" : {
      "name" : "pos",
      "layer" : "de.tudarmstadt.ukp.dkpro.core.api.segmentation.type.Token"
    },
    "allow_stacking" : false,
    "cross_sentence" : false,
    "show_hover" : true,
    "anchoring_mode" : "SINGLE_TOKEN",
    "overlap_mode" : "NO_OVERLAP",
    "validation_mode" : "ALWAYS",
    "lock_to_token_offset" : true,
    "multiple_tokens" : false,
    "project_name" : "Bullinger Patristic Annotations",
    "linked_list_behavior" : false,
    "on_click_javascript_action" : null,
    "traits" : null
  }, {
    "name" : "webanno.custom.PatristicReference",
    "features" : [ {
      "name" : "church_fathers",
      "tag_set" : {
        "name" : "church_fathers",
        "description" : null,
        "language" : null,
        "tags" : [ ],
        "create_tag" : false
      },
      "uiName" : "church_fathers",
      "type" : "uima.cas.String",
      "enabled" : true,
      "visible" : true,
      "include_in_hover" : false,
      "required" : true,
      "remember" : false,
      "hideUnconstraintFeature" : false,
      "description" : null,
      "project_name" : "Bullinger Patristic Annotations",
      "multi_value_mode" : "NONE",
      "link_mode" : "NONE",
      "link_type_name" : null,
      "link_type_role_feature_name" : null,
      "link_type_target_feature_name" : null,
      "traits" : "{\"multipleRows\":false,\"dynamicSize\":false,\"collapsedRows\":1,\"expandedRows\":1,\"editorType\":\"AUTO\",\"keyBindings\":[]}",
      "curatable" : true
    }, {
      "name" : "confidence",
      "tag_set" : {
        "name" : "confidence",
        "description" : null,
        "language" : null,
        "tags" : [ ],
        "create_tag" : false
      },
      "uiName" : "confidence",
      "type" : "uima.cas.String",
      "enabled" : true,
      "visible" : true,
      "include_in_hover" : false,
      "required" : true,
      "remember" : false,
      "hideUnconstraintFeature" : false,
      "description" : null,
      "project_name" : "Bullinger Patristic Annotations",
      "multi_value_mode" : "NONE",
      "link_mode" : "NONE",
      "link_type_name" : null,
      "link_type_role_feature_name" : null,
      "link_type_target_feature_name" : null,
      "traits" : "{\"multipleRows\":false,\"dynamicSize\":false,\"collapsedRows\":1,\"expandedRows\":1,\"editorType\":\"AUTO\",\"keyBindings\":[]}",
      "curatable" : true
    }, {
      "name" : "detection_source",
      "tag_set" : {
        "name" : "detection_source",
        "description" : null,
        "language" : null,
        "tags" : [ ],
        "create_tag" : false
      },
      "uiName" : "detection_source",
      "type" : "uima.cas.String",
      "enabled" : true,
      "visible" : true,
      "include_in_hover" : false,
      "required" : true,
      "remember" : false,
      "hideUnconstraintFeature" : false,
      "description" : null,
      "project_name" : "Bullinger Patristic Annotations",
      "multi_value_mode" : "NONE",
      "link_mode" : "NONE",
      "link_type_name" : null,
      "link_type_role_feature_name" : null,
      "link_type_target_feature_name" : null,
      "traits" : "{\"multipleRows\":false,\"dynamicSize\":false,\"collapsedRows\":1,\"expandedRows\":1,\"editorType\":\"AUTO\",\"keyBindings\":[]}",
      "curatable" : true
    }, {
      "name" : "patristic_source",
      "tag_set" : null,
      "uiName" : "patristic_source",
      "type" : "uima.cas.String",
      "enabled" : true,
      "visible" : true,
      "include_in_hover" : false,
      "required" : true,
      "remember" : false,
      "hideUnconstraintFeature" : false,
      "description" : null,
      "project_name" : "Bullinger Patristic Annotations",
      "multi_value_mode" : "NONE",
      "link_mode" : "NONE",
      "link_type_name" : null,
      "link_type_role_feature_name" : null,
      "link_type_target_feature_name" : null,
      "traits" : "{\"multipleRows\":false,\"dynamicSize\":false,\"collapsedRows\":1,\"expandedRows\":1,\"editorType\":\"AUTO\",\"keyBindings\":[]}",
      "curatable" : true
    }, {
      "name" : "patristic_text",
      "tag_set" : null,
      "uiName" : "patristic_text",
      "type" : "uima.cas.String",
      "enabled" : true,
      "visible" : true,
      "include_in_hover" : false,
      "required" : true,
      "remember" : false,
      "hideUnconstraintFeature" : false,
      "description" : null,
      "project_name" : "Bullinger Patristic Annotations",
      "multi_value_mode" : "NONE",
      "link_mode" : "NONE",
      "link_type_name" : null,
      "link_type_role_feature_name" : null,
      "link_type_target_feature_name" : null,
      "traits" : "{\"multipleRows\":false,\"dynamicSize\":false,\"collapsedRows\":1,\"expandedRows\":1,\"editorType\":\"AUTO\",\"keyBindings\":[]}",
      "curatable" : true
    }, {
      "name" : "reference_type",
      "tag_set" : {
        "name" : "reference_type",
        "description" : null,
        "language" : null,
        "tags" : [ ],
        "create_tag" : false
      },
      "uiName" : "reference_type",
      "type" : "uima.cas.String",
      "enabled" : true,
      "visible" : true,
      "include_in_hover" : false,
      "required" : true,
      "remember" : false,
      "hideUnconstraintFeature" : false,
      "description" : null,
      "project_name" : "Bullinger Patristic Annotations",
      "multi_value_mode" : "NONE",
      "link_mode" : "NONE",
      "link_type_name" : null,
      "link_type_role_feature_name" : null,
      "link_type_target_feature_name" : null,
      "traits" : "{\"multipleRows\":false,\"dynamicSize\":false,\"collapsedRows\":1,\"expandedRows\":1,\"editorType\":\"AUTO\",\"keyBindings\":[]}",
      "curatable" : true
    } ],
    "uiName" : "PatristicReference",
    "type" : "span",
    "description" : "Marks the text in letter that contains a patristic reference",
    "enabled" : true,
    "built_in" : false,
    "readonly" : false,
    "attach_type" : null,
    "attach_feature" : null,
    "allow_stacking" : true,
    "cross_sentence" : true,
    "show_hover" : true,
    "anchoring_mode" : "CHARACTERS",
    "overlap_mode" : "STACKING_ONLY",
    "validation_mode" : "ALWAYS",
    "lock_to_token_offset" : false,
    "multiple_tokens" : false,
    "project_name" : "Bullinger Patristic Annotations",
    "linked_list_behavior" : false,
    "on_click_javascript_action" : null,
    "traits" : "{\"coloringRules\":{\"rules\":[]}}"
  }, {
    "name" : "de.tudarmstadt.ukp.dkpro.core.api.semantics.type.SemArg",
    "features" : [ ],
    "uiName" : "SemArg",
    "type" : "span",
    "description" : null,
    "enabled" : true,
    "built_in" : true,
    "readonly" : false,
    "attach_type" : null,
    "attach_feature" : null,
    "allow_stacking" : true,
    "cross_sentence" : false,
    "show_hover" : true,
    "anchoring_mode" : "TOKENS",
    "overlap_mode" : "ANY_OVERLAP",
    "validation_mode" : "ALWAYS",
    "lock_to_token_offset" : false,
    "multiple_tokens" : true,
    "project_name" : "Bullinger Patristic Annotations",
    "linked_list_behavior" : false,
    "on_click_javascript_action" : null,
    "traits" : null
  }, {
    "name" : "de.tudarmstadt.ukp.dkpro.core.api.semantics.type.SemPred",
    "features" : [ {
      "name" : "arguments",
      "tag_set" : null,
      "uiName" : "arguments",
      "type" : "de.tudarmstadt.ukp.dkpro.core.api.semantics.type.SemArg",
      "enabled" : true,
      "visible" : true,
      "include_in_hover" : false,
      "required" : false,
      "remember" : false,
      "hideUnconstraintFeature" : false,
      "description" : "Arguments of the semantic predicate",
      "project_name" : "Bullinger Patristic Annotations",
      "multi_value_mode" : "ARRAY",
      "link_mode" : "WITH_ROLE",
      "link_type_name" : "de.tudarmstadt.ukp.dkpro.core.api.semantics.type.SemArgLink",
      "link_type_role_feature_name" : "role",
      "link_type_target_feature_name" : "target",
      "traits" : null,
      "curatable" : true
    }, {
      "name" : "category",
      "tag_set" : null,
      "uiName" : "category",
      "type" : "uima.cas.String",
      "enabled" : true,
      "visible" : true,
      "include_in_hover" : false,
      "required" : false,
      "remember" : false,
      "hideUnconstraintFeature" : false,
      "description" : "Category of the semantic predicate, e.g. the frame identifier.",
      "project_name" : "Bullinger Patristic Annotations",
      "multi_value_mode" : "NONE",
      "link_mode" : "NONE",
      "link_type_name" : null,
      "link_type_role_feature_name" : null,
      "link_type_target_feature_name" : null,
      "traits" : null,
      "curatable" : true
    } ],
    "uiName" : "SemPred",
    "type" : "span",
    "description" : null,
    "enabled" : true,
    "built_in" : true,
    "readonly" : false,
    "attach_type" : null,
    "attach_feature" : null,
    "allow_stacking" : true,
    "cross_sentence" : false,
    "show_hover" : true,
    "anchoring_mode" : "TOKENS",
    "overlap_mode" : "ANY_OVERLAP",
    "validation_mode" : "ALWAYS",
    "lock_to_token_offset" : false,
    "multiple_tokens" : true,
    "project_name" : "Bullinger Patristic Annotations",
    "linked_list_behavior" : false,
    "on_click_javascript_action" : null,
    "traits" : null
  }, {
    "name" : "de.tudarmstadt.ukp.dkpro.core.api.segmentation.type.Sentence",
    "features" : [ ],
    "uiName" : "Sentence",
    "type" : "span",
    "description" : null,
    "enabled" : false,
    "built_in" : true,
    "readonly" : true,
    "attach_type" : null,
    "attach_feature" : null,
    "allow_stacking" : false,
    "cross_sentence" : true,
    "show_hover" : true,
    "anchoring_mode" : "TOKENS",
    "overlap_mode" : "NO_OVERLAP",
    "validation_mode" : "NEVER",
    "lock_to_token_offset" : false,
    "multiple_tokens" : true,
    "project_name" : "Bullinger Patristic Annotations",
    "linked_list_behavior" : false,
    "on_click_javascript_action" : null,
    "traits" : null
  }, {
    "name" : "de.tudarmstadt.ukp.dkpro.core.api.segmentation.type.SurfaceForm",
    "features" : [ {
      "name" : "value",
      "tag_set" : null,
      "uiName" : "Form",
      "type" : "uima.cas.String",
      "enabled" : true,
      "visible" : true,
      "include_in_hover" : false,
      "required" : false,
      "remember" : false,
      "hideUnconstraintFeature" : false,
      "description" : "Original surface text",
      "project_name" : "Bullinger Patristic Annotations",
      "multi_value_mode" : "NONE",
      "link_mode" : "NONE",
      "link_type_name" : null,
      "link_type_role_feature_name" : null,
      "link_type_target_feature_name" : null,
      "traits" : null,
      "curatable" : true
    } ],
    "uiName" : "Surface form",
    "type" : "span",
    "description" : null,
    "enabled" : true,
    "built_in" : true,
    "readonly" : false,
    "attach_type" : null,
    "attach_feature" : null,
    "allow_stacking" : false,
    "cross_sentence" : false,
    "show_hover" : true,
    "anchoring_mode" : "TOKENS",
    "overlap_mode" : "NO_OVERLAP",
    "validation_mode" : "ALWAYS",
    "lock_to_token_offset" : false,
    "multiple_tokens" : true,
    "project_name" : "Bullinger Patristic Annotations",
    "linked_list_behavior" : false,
    "on_click_javascript_action" : null,
    "traits" : null
  }, {
    "name" : "de.tudarmstadt.ukp.dkpro.core.api.segmentation.type.Token",
    "features" : [ {
      "name" : "lemma",
      "tag_set" : null,
      "uiName" : "lemma",
      "type" : "de.tudarmstadt.ukp.dkpro.core.api.segmentation.type.Lemma",
      "enabled" : true,
      "visible" : true,
      "include_in_hover" : false,
      "required" : false,
      "remember" : false,
      "hideUnconstraintFeature" : false,
      "description" : null,
      "project_name" : "Bullinger Patristic Annotations",
      "multi_value_mode" : "NONE",
      "link_mode" : "NONE",
      "link_type_name" : null,
      "link_type_role_feature_name" : null,
      "link_type_target_feature_name" : null,
      "traits" : null,
      "curatable" : true
    }, {
      "name" : "morph",
      "tag_set" : null,
      "uiName" : "morph",
      "type" : "de.tudarmstadt.ukp.dkpro.core.api.lexmorph.type.morph.MorphologicalFeatures",
      "enabled" : true,
      "visible" : true,
      "include_in_hover" : false,
      "required" : false,
      "remember" : false,
      "hideUnconstraintFeature" : false,
      "description" : null,
      "project_name" : "Bullinger Patristic Annotations",
      "multi_value_mode" : "NONE",
      "link_mode" : "NONE",
      "link_type_name" : null,
      "link_type_role_feature_name" : null,
      "link_type_target_feature_name" : null,
      "traits" : null,
      "curatable" : true
    }, {
      "name" : "pos",
      "tag_set" : null,
      "uiName" : "pos",
      "type" : "de.tudarmstadt.ukp.dkpro.core.api.lexmorph.type.pos.POS",
      "enabled" : true,
      "visible" : true,
      "include_in_hover" : false,
      "required" : false,
      "remember" : false,
      "hideUnconstraintFeature" : false,
      "description" : null,
      "project_name" : "Bullinger Patristic Annotations",
      "multi_value_mode" : "NONE",
      "link_mode" : "NONE",
      "link_type_name" : null,
      "link_type_role_feature_name" : null,
      "link_type_target_feature_name" : null,
      "traits" : null,
      "curatable" : true
    } ],
    "uiName" : "Token",
    "type" : "span",
    "description" : null,
    "enabled" : false,
    "built_in" : true,
    "readonly" : true,
    "attach_type" : null,
    "attach_feature" : null,
    "allow_stacking" : false,
    "cross_sentence" : false,
    "show_hover" : true,
    "anchoring_mode" : "CHARACTERS",
    "overlap_mode" : "NO_OVERLAP",
    "validation_mode" : "NEVER",
    "lock_to_token_offset" : false,
    "multiple_tokens" : false,
    "project_name" : "Bullinger Patristic Annotations",
    "linked_list_behavior" : false,
    "on_click_javascript_action" : null,
    "traits" : null
  }, {
    "name" : "webanno.custom.Theological_theme",
    "features" : [ {
      "name" : "theological_themes",
      "tag_set" : null,
      "uiName" : "theological_themes",
      "type" : "uima.cas.String",
      "enabled" : true,
      "visible" : true,
      "include_in_hover" : false,
      "required" : true,
      "remember" : false,
      "hideUnconstraintFeature" : false,
      "description" : null,
      "project_name" : "Bullinger Patristic Annotations",
      "multi_value_mode" : "NONE",
      "link_mode" : "NONE",
      "link_type_name" : null,
      "link_type_role_feature_name" : null,
      "link_type_target_feature_name" : null,
      "traits" : "{\"multipleRows\":false,\"dynamicSize\":false,\"collapsedRows\":1,\"expandedRows\":1,\"editorType\":\"AUTO\",\"keyBindings\":[]}",
      "curatable" : true
    } ],
    "uiName" : "theological_theme",
    "type" : "span",
    "description" : null,
    "enabled" : true,
    "built_in" : false,
    "readonly" : false,
    "attach_type" : null,
    "attach_feature" : null,
    "allow_stacking" : true,
    "cross_sentence" : true,
    "show_hover" : true,
    "anchoring_mode" : "TOKENS",
    "overlap_mode" : "ANY_OVERLAP",
    "validation_mode" : "ALWAYS",
    "lock_to_token_offset" : false,
    "multiple_tokens" : true,
    "project_name" : "Bullinger Patristic Annotations",
    "linked_list_behavior" : false,
    "on_click_javascript_action" : null,
    "traits" : "{\"coloringRules\":{\"rules\":[]}}"
  } ],
  "disableExport" : false,
  "script_direction" : "LTR",
  "created" : 1762867975845,
  "updated" : 1767271227837,
  "anonymous_curation" : false,
  "default-preferences" : [ ],
  "knowledge_bases" : [ ],
  "external_search" : [ ],
  "curation_workflow" : {
    "id" : 1,
    "project" : {
      "id" : 1,
      "name" : "Bullinger Patristic Annotations",
      "slug" : "bullinger-patristic-annotations-1",
      "description" : null,
      "mode" : "annotation",
      "version" : 1,
      "disableExport" : false,
      "scriptDirection" : "LTR",
      "created" : 1762867975845,
      "updated" : 1767271227837,
      "state" : "CURATION_FINISHED",
      "anonymousCuration" : false
    },
    "mergeStrategy" : "completeAgreementNonStacked",
    "mergeStrategyTraits" : null
  },
  "project_users" : [ ],
  "recommenders" : [ ],
  "gazeteers" : [ ],
  "workload_manager" : {
    "traits" : "{\"reopenableByAnnotator\":true,\"randomDocumentAccessAllowed\":true}",
    "type" : "matrix"
  },
  "user-preferences" : [ {
    "name" : "annotation/left-sidebar",
    "traits" : "{\"selectedTab\":\"diamSidebarFactory\",\"expanded\":true}",
    "user" : "admin"
  } ]
}